{"cameraMode":{"drawMode":0,"name":"Shaded","section":"Shading Mode"},"sceneLighting":false,"audioPlay":false,"sceneViewState":{"showFog":true,"showMaterialUpdate":false,"showSkybox":false,"showFlares":true,"showImageEffects":true,"showParticleSystems":true},"in2DMode":false,"pivot":{"x":6.820351600646973,"y":0.5529160499572754,"z":1.1079062223434449},"rotation":{"x":0.001718349871225655,"y":0.6979278922080994,"z":-0.0016725619789212943,"w":0.7161681056022644},"size":5.10402250289917,"orthographic":true}