{"cameraMode":{"drawMode":0,"name":"Shaded","section":"Shading Mode"},"sceneLighting":false,"audioPlay":false,"sceneViewState":{"showFog":true,"showMaterialUpdate":false,"showSkybox":false,"showFlares":true,"showImageEffects":true,"showParticleSystems":true},"in2DMode":false,"pivot":{"x":-4.722434997558594,"y":3.8750765323638918,"z":-0.2631552219390869},"rotation":{"x":-0.27693918347358706,"y":-0.4912531077861786,"z":0.16826197504997254,"w":-0.8085113167762756},"size":1.8495190143585206,"orthographic":false}