{"cameraMode":{"drawMode":0,"name":"Shaded","section":"Shading Mode"},"sceneLighting":false,"audioPlay":false,"sceneViewState":{"showFog":true,"showMaterialUpdate":false,"showSkybox":false,"showFlares":true,"showImageEffects":true,"showParticleSystems":true},"in2DMode":false,"pivot":{"x":-0.3438781797885895,"y":0.18225717544555665,"z":-0.23464727401733399},"rotation":{"x":-0.0198492631316185,"y":0.976695716381073,"z":-0.10382045060396195,"w":-0.18684610724449159},"size":0.8136557936668396,"orthographic":true}