{"cameraMode":{"drawMode":0,"name":"Shaded","section":"Shading Mode"},"sceneLighting":false,"audioPlay":false,"sceneViewState":{"showFog":true,"showMaterialUpdate":false,"showSkybox":false,"showFlares":true,"showImageEffects":true,"showParticleSystems":true},"in2DMode":false,"pivot":{"x":0.0000019669532775878908,"y":1.509548306465149,"z":0.03573125600814819},"rotation":{"x":-0.003641547402366996,"y":-0.9777044653892517,"z":0.017011800780892373,"w":-0.2092987596988678},"size":0.9095653295516968,"orthographic":true}