{"cameraMode":{"drawMode":0,"name":"Shaded","section":"Shading Mode"},"sceneLighting":false,"audioPlay":false,"sceneViewState":{"showFog":true,"showMaterialUpdate":false,"showSkybox":false,"showFlares":true,"showImageEffects":true,"showParticleSystems":true},"in2DMode":false,"pivot":{"x":0.04848020523786545,"y":1.4009829759597779,"z":-0.0010574645129963756},"rotation":{"x":-0.0032047342974692585,"y":0.9950888156890869,"z":-0.09281085431575775,"w":-0.034344371408224109},"size":3.141205310821533,"orthographic":true}