{"cameraMode":{"drawMode":0,"name":"Shaded","section":"Shading Mode"},"sceneLighting":false,"audioPlay":false,"sceneViewState":{"showFog":true,"showMaterialUpdate":false,"showSkybox":false,"showFlares":true,"showImageEffects":true,"showParticleSystems":true},"in2DMode":false,"pivot":{"x":-1.1920928955078126e-7,"y":0.7954107522964478,"z":-0.0050362348556518559},"rotation":{"x":-0.005226516630500555,"y":0.993425726890564,"z":-0.10258416831493378,"w":-0.05072886124253273},"size":1.0632323026657105,"orthographic":true}