{"cameraMode":{"drawMode":0,"name":"Shaded","section":"Shading Mode"},"sceneLighting":true,"audioPlay":false,"sceneViewState":{"showFog":true,"showMaterialUpdate":false,"showSkybox":true,"showFlares":true,"showImageEffects":true,"showParticleSystems":true},"in2DMode":false,"pivot":{"x":0.000050116563215851784,"y":1.0759626626968384,"z":0.2343931645154953},"rotation":{"x":0.15625564754009248,"y":-0.0014815765898674727,"z":0.000234413004363887,"w":0.9877164959907532},"size":4.006019115447998,"orthographic":false}